Board,Number
Tiny Towns,6949
Love Letter,6944
Space Base,5370
Point Salad,3468
Mystic Vale,2368
Kingdomino,10175
Photosynthesis,4049
Planet,2575
Blue Lagoon,1951
Kingdomino Duel,840
Gizmos,5376
Blood Rage,4690
Rising Son,3324
The Godfather,1500
Zombicide: Black Plague,1498
Carcassonne,9713
Stone Age,5011
Marco Polo,4016
Hadara,2965
Citadels,2546
Catan,6108
Lost Cities,4254
Imhotep,3005
Targi,2876
5-Minute Dungeon,1566
Patchwork,8657
Barenpark,4680
Isle of Skye,4504
Agricola,3906
Caverna,3390
Wingspan,19623
Scythe,11652
Viticulutre,6896
Tapestry,6874
Charterstone,2812