Board,NumberMystic Vale,2368Point Salad,3468Space Base,5370Love Letter,6944Tiny Towns,6949,0Kingdomino Duel,840Blue Lagoon,1951Planet,2575Photosynthesis,4049Kingdomino,10175,0Zombicide: Black Plague,1498The Godfather,1500Rising Son,3324Blood Rage,4690Gizmos,5376,0Citadels,2546Hadara,2965Marco Polo,4016Stone Age,5011Carcassonne,9713,05-Minute Dungeon,1566Targi,2876Imhotep,3005Lost Cities,4254Catan,6108,0Caverna,3390Agricola,3906Isle of Skye,4504Barenpark,4680Patchwork,8657,0Charterstone,2812Tapestry,6874Viticulutre,6896Scythe,11652Wingspan,19623